"branch_name","variant_id","allele_frequency"
"L1_sample_11_1","mut1",0.206
"L1_sample_11_1","mut2",0.132
"L1_sample_11_1","mut3",1
"L1_sample_11_1","mut4",0
"L1_sample_11_1","mut5",0.124
"L1_sample_11_1","mut6",0
"L1_sample_11_1","mut7",0.854
"L1_sample_11_1","mut8",0.206
"L1_sample_11_1","mut9",0.244
"L1_sample_11_1","mut10",0.174
"L1_sample_11_1","mut11",0
"L1_sample_11_1","mut12",0.576
"L1_sample_11_1","mut13",0.1
"L1_sample_11_1","mut14",0.376
"L1_sample_11_1","mut15",0
"L1_sample_11_1","mut16",0.124
"L1_sample_11_1","mut17",0
"L1_sample_11_1","mut18",0
"L1_sample_11_1","mut19",0.258
"L1_sample_11_1","mut20",0.858
"L1_sample_11_1","mut21",0.666
"L1_sample_11_1","mut22",0.162
"L1_sample_11_1","mut23",0
"L1_sample_11_1","mut24",0.756
"L1_sample_11_1","mut25",0.782
"L1_sample_11_1","mut26",0.86
"L1_sample_11_1","mut27",0.862
"L1_sample_11_1","mut28",0.31
"L1_sample_11_1","mut29",0.684
"L1_sample_11_1","mut30",0
"L1_sample_11_1","mut31",0.928
"L1_sample_11_1","mut32",0.2
"L1_sample_11_1","mut33",0.64
"L1_sample_11_1","mut34",0.6
"L1_sample_11_1","mut35",0.212
"L1_sample_11_2","mut1",0.076
"L1_sample_11_2","mut2",0.098
"L1_sample_11_2","mut3",0.44
"L1_sample_11_2","mut4",0.12
"L1_sample_11_2","mut5",0.14
"L1_sample_11_2","mut6",0.27
"L1_sample_11_2","mut7",0
"L1_sample_11_2","mut8",0.08
"L1_sample_11_2","mut9",0.38
"L1_sample_11_2","mut10",0.726
"L1_sample_11_2","mut11",0.568
"L1_sample_11_2","mut12",0.09
"L1_sample_11_2","mut13",0.184
"L1_sample_11_2","mut14",0.294
"L1_sample_11_2","mut15",0.47
"L1_sample_11_2","mut16",0.478
"L1_sample_11_2","mut17",0
"L1_sample_11_2","mut18",0.132
"L1_sample_11_2","mut19",0.684
"L1_sample_11_2","mut20",0.45
"L1_sample_11_2","mut21",0.112
"L1_sample_11_2","mut22",0.546
"L1_sample_11_2","mut23",0.316
"L1_sample_11_2","mut24",0
"L1_sample_11_2","mut25",0.148
"L1_sample_11_2","mut26",0.116
"L1_sample_11_2","mut27",0
"L1_sample_11_2","mut28",0.124
"L1_sample_11_2","mut29",0
"L1_sample_11_2","mut30",0.722
"L1_sample_11_2","mut31",0.142
"L1_sample_11_2","mut32",0.258
"L1_sample_11_2","mut33",0
"L1_sample_11_2","mut34",0.762
"L1_sample_11_2","mut35",0
"L1_sample_11_2","mut36",0.576
"L1_sample_11_2","mut37",0.134
"L1_sample_11_2","mut38",0
"L1_sample_11_2","mut39",0.084
"L1_sample_11_2","mut40",0.828
"L1_sample_15","mut1",0
"L1_sample_15","mut2",0.946
"L1_sample_15","mut3",1
"L1_sample_15","mut4",0.074
"L1_sample_15","mut5",0.098
"L1_sample_15","mut6",0
"L1_sample_15","mut7",0.112
"L1_sample_15","mut8",0.362
"L1_sample_15","mut9",0.426
"L1_sample_15","mut10",0
"L1_sample_15","mut11",0.08
"L1_sample_15","mut12",1
"L1_sample_15","mut13",0.054
"L1_sample_15","mut14",0.06
"L1_sample_15","mut15",0.068
"L1_sample_15","mut16",0.076
"L1_sample_15","mut17",0
"L1_sample_15","mut18",0.108
"L1_sample_15","mut19",0.802
"L1_sample_15","mut20",0.058
"L1_sample_15","mut21",0.096
"L1_sample_15","mut22",0.594
"L1_sample_15","mut23",0
"L1_sample_15","mut24",0.414
"L1_sample_15","mut25",0.38
"L1_sample_15","mut26",0.358
"L1_sample_15","mut27",0
"L1_sample_15","mut28",0.52
"L1_sample_7_wt","mut1",0
"L1_sample_7_wt","mut2",0.092
"L1_sample_7_wt","mut3",0.124
"L1_sample_7_wt","mut4",0
"L1_sample_7_wt","mut5",0
"L1_sample_7_wt","mut6",0
"L1_sample_7_wt","mut7",0.97
"L1_sample_7_wt","mut8",0.48
"L1_sample_7_wt","mut9",1
"L1_sample_7_wt","mut10",0
"L1_sample_7_wt","mut11",0
"L1_sample_7_wt","mut12",0
"L1_sample_7_wt","mut13",0.604
"L1_sample_7_wt","mut14",0.118
"L1_sample_7_wt","mut15",0
"L1_sample_7_wt","mut16",0.114
"L1_sample_7_wt","mut17",0.132
"L1_sample_7_wt","mut18",0.106
"L1_sample_7_wt","mut19",0
"L1_sample_7_wt","mut20",0.972
"L1_sample_7_wt","mut21",0
"L1_sample_1_wt","mut1",0.09
"L1_sample_1_wt","mut2",0.804
"L1_sample_1_wt","mut3",0.818
"L1_sample_1_wt","mut4",0
"L1_sample_1_wt","mut5",0.202
"L1_sample_1_wt","mut6",0.286
"L1_sample_1_wt","mut7",0.156
"L1_sample_1_wt","mut8",1
"L1_sample_1_wt","mut9",0.1
"L1_sample_1_wt","mut10",0.236
"L1_sample_1_wt","mut11",0.2
"L1_sample_1_wt","mut12",0.154
"L1_sample_1_wt","mut13",0.218
"L1_sample_1_wt","mut14",0.15
"L1_sample_1_wt","mut15",0.202
"L1_sample_1_wt","mut16",0.126
"L1_sample_1_wt","mut17",0.914
"L1_sample_1_wt","mut18",0.122
"L1_sample_1_wt","mut19",0.42
"L1_sample_1_wt","mut20",0.192
"L1_sample_1_wt","mut21",0.154
"L1_sample_1_wt","mut22",0.5
"L1_sample_1_wt","mut23",0.812
"L1_sample_1_wt","mut24",0.85
"L1_sample_1_wt","mut25",0.106
"L1_sample_1_wt","mut26",0.388
"L1_sample_1_wt","mut27",0.356
"L1_sample_1_wt","mut28",0.736
"L1_sample_1_wt","mut29",0.922
"L1_sample_1_wt","mut30",0.134
"L1_sample_1_wt","mut31",0.13
"L1_sample_1_wt","mut32",0.206
"L1_sample_1_wt","mut33",1
"L1_sample_1_wt","mut34",0.088
"L1_sample_18_wt","mut1",0.138
"L1_sample_18_wt","mut2",0.086
"L1_sample_18_wt","mut3",0.114
"L1_sample_18_wt","mut4",0
"L1_sample_18_wt","mut5",0
"L1_sample_18_wt","mut6",0
"L1_sample_18_wt","mut7",0
"L1_sample_18_wt","mut8",0.172
"L1_sample_18_wt","mut9",0.676
"L1_sample_18_wt","mut10",0.7
"L1_sample_18_wt","mut11",0.776
"L1_sample_18_wt","mut12",0.942
"L1_sample_18_wt","mut13",0.758
